timestamp,city,temperature,description
2026-03-16T12:42:53.523Z,Surat,27.99,haze
2026-03-16T12:45:29.516Z,Surat,27.99,haze
2026-03-16T12:45:50.366Z,Surat,27.99,haze
2026-03-16T14:15:45.674Z,Surat,24.99,mist
2026-03-16T15:00:15.473Z,Surat,23.99,mist
2026-03-17T14:13:02.279Z,Surat,24.99,mist
2026-03-17T14:59:20.691Z,Surat,23.99,mist
2026-03-17T17:05:26.603Z,Surat,25.45,clear sky
2026-03-17T19:05:28.647Z,Surat,24.58,clear sky
2026-03-17T20:41:23.595Z,Surat,22.99,mist
2026-03-17T22:35:45.614Z,Surat,20.99,mist
2026-03-18T02:27:52.439Z,Surat,20.99,mist
2026-03-18T05:26:34.794Z,Surat,27.99,haze
2026-03-18T07:04:18.538Z,Surat,30.99,clear sky
2026-03-18T08:53:49.195Z,Surat,30.99,clear sky
2026-03-18T10:55:06.988Z,Surat,29.99,clear sky
2026-03-18T13:18:07.810Z,Surat,25.99,clear sky
2026-03-18T15:05:24.981Z,Surat,23.99,mist
2026-03-18T17:03:17.644Z,Surat,25.59,clear sky
2026-03-18T19:03:36.483Z,Surat,21.99,mist
2026-03-18T20:39:27.524Z,Surat,21.99,mist
2026-03-18T21:13:17.470Z,Surat,24.53,scattered clouds
2026-03-18T22:34:48.987Z,Surat,23.77,scattered clouds
2026-03-19T02:28:40.336Z,Surat,23.99,mist
2026-03-19T05:23:31.440Z,Surat,29.27,few clouds
2026-03-19T07:01:09.161Z,Surat,31.65,clear sky
2026-03-19T08:46:21.625Z,Surat,31.2,clear sky
2026-03-19T10:42:25.025Z,Surat,30.01,few clouds
2026-03-19T13:10:02.824Z,Surat,26.98,clear sky
2026-03-19T14:51:17.316Z,Surat,24.29,scattered clouds
2026-03-19T17:00:14.137Z,Surat,22.99,haze
2026-03-19T19:01:39.921Z,Surat,21.99,haze
2026-03-19T20:40:28.546Z,Surat,24.08,overcast clouds
2026-03-19T22:31:24.458Z,Surat,23.34,broken clouds
2026-03-20T02:21:42.742Z,Surat,20.99,mist
2026-03-20T05:16:16.567Z,Surat,27.99,scattered clouds
2026-03-20T06:59:00.276Z,Surat,29.99,scattered clouds
2026-03-20T08:43:46.283Z,Surat,30.79,clear sky
2026-03-20T10:40:22.555Z,Surat,30.29,clear sky
2026-03-20T13:04:21.956Z,Surat,29.33,clear sky
2026-03-20T14:43:16.473Z,Surat,26.79,clear sky
2026-03-20T16:48:09.756Z,Surat,24.99,smoke
2026-03-20T18:53:44.604Z,Surat,25.57,clear sky
2026-03-20T20:36:01.186Z,Surat,25.05,clear sky
2026-03-20T22:31:15.146Z,Surat,24.53,clear sky
2026-03-21T02:08:40.375Z,Surat,24.41,clear sky
2026-03-21T05:07:09.398Z,Surat,30.22,clear sky
2026-03-21T06:49:04.421Z,Surat,32.98,few clouds
2026-03-21T08:36:50.235Z,Surat,33.71,broken clouds
2026-03-21T10:29:47.452Z,Surat,31.99,few clouds
2026-03-21T12:54:13.448Z,Surat,30.21,overcast clouds
2026-03-21T14:29:38.750Z,Surat,28.46,broken clouds
2026-03-21T16:32:53.951Z,Surat,28.15,broken clouds
2026-03-21T18:39:19.725Z,Surat,27.05,broken clouds
2026-03-21T20:29:54.305Z,Surat,22.99,haze
2026-03-21T22:28:03.739Z,Surat,22.99,haze
2026-03-22T02:29:10.243Z,Surat,25.27,scattered clouds
2026-03-22T05:19:43.284Z,Surat,32.29,scattered clouds
2026-03-22T06:55:38.621Z,Surat,31.99,smoke
2026-03-22T08:37:26.643Z,Surat,34.99,clear sky
2026-03-22T10:30:17.271Z,Surat,33.92,clear sky
2026-03-22T12:56:26.050Z,Surat,31.46,few clouds
2026-03-22T14:30:06.245Z,Surat,30.99,few clouds
2026-03-22T16:34:02.230Z,Surat,29.26,few clouds
2026-03-22T18:40:05.958Z,Surat,27.89,broken clouds
2026-03-22T20:30:57.336Z,Surat,27.38,broken clouds
2026-03-22T22:28:26.984Z,Surat,27.24,overcast clouds
2026-03-23T02:29:56.153Z,Surat,26.96,overcast clouds
2026-03-23T05:40:36.145Z,Surat,33.81,broken clouds
2026-03-23T07:14:01.333Z,Surat,34.72,clear sky
2026-03-23T08:59:38.220Z,Surat,35.51,clear sky
2026-03-23T10:53:57.257Z,Surat,35.2,clear sky
2026-03-23T13:12:51.995Z,Surat,32.77,clear sky
2026-03-23T14:57:19.653Z,Surat,31.06,clear sky
2026-03-23T16:57:26.843Z,Surat,30.82,clear sky
2026-03-23T18:58:08.722Z,Surat,28.72,clear sky
2026-03-23T20:39:57.134Z,Surat,27.26,clear sky
2026-03-23T22:35:17.817Z,Surat,26.8,scattered clouds
2026-03-24T02:22:12.689Z,Surat,26.63,broken clouds
2026-03-24T05:23:48.862Z,Surat,32.57,scattered clouds
2026-03-24T07:07:12.411Z,Surat,34.6,overcast clouds
2026-03-24T08:56:13.088Z,Surat,34.99,few clouds
2026-03-24T10:53:50.031Z,Surat,35.99,few clouds
2026-03-24T13:16:53.529Z,Surat,31.99,smoke
2026-03-24T15:01:06.380Z,Surat,30.56,overcast clouds
2026-03-24T17:01:34.482Z,Surat,28.76,overcast clouds
2026-03-24T19:06:00.238Z,Surat,26.99,smoke
2026-03-24T20:43:25.728Z,Surat,27.13,broken clouds
2026-03-24T22:34:59.925Z,Surat,26.77,broken clouds
2026-03-25T02:27:21.175Z,Surat,25.99,haze
2026-03-25T05:23:44.284Z,Surat,30.99,smoke
2026-03-25T07:05:03.717Z,Surat,34.67,clear sky
2026-03-25T08:54:57.232Z,Surat,34.99,clear sky
2026-03-25T10:51:55.416Z,Surat,36.99,scattered clouds
2026-03-25T13:15:46.462Z,Surat,32.89,overcast clouds
2026-03-25T15:01:53.811Z,Surat,30.45,broken clouds
2026-03-25T17:04:54.950Z,Surat,26.99,scattered clouds
2026-03-25T18:58:28.391Z,Surat,26.99,clear sky
2026-03-25T20:41:24.265Z,Surat,25.99,broken clouds
2026-03-25T22:38:33.618Z,Surat,24.99,broken clouds
2026-03-26T02:33:41.710Z,Surat,23.99,mist
2026-03-26T05:41:56.013Z,Surat,35.26,clear sky
2026-03-26T07:12:18.846Z,Surat,34.99,clear sky
2026-03-26T08:59:42.569Z,Surat,35.99,clear sky
2026-03-26T10:54:13.444Z,Surat,36.04,clear sky
2026-03-26T13:21:20.064Z,Surat,34.68,clear sky
2026-03-26T15:06:47.039Z,Surat,30.99,clear sky
2026-03-26T17:04:51.312Z,Surat,29.07,clear sky
2026-03-26T19:10:18.736Z,Surat,26.99,clear sky
2026-03-26T20:38:20.736Z,Surat,25.99,clear sky
2026-03-26T22:33:01.991Z,Surat,25.99,clear sky
2026-03-27T02:35:12.234Z,Surat,29.6,clear sky
2026-03-27T05:43:18.793Z,Surat,32.99,clear sky
2026-03-27T07:11:42.773Z,Surat,35.99,clear sky
2026-03-27T08:56:32.408Z,Surat,36.99,clear sky
2026-03-27T10:52:12.966Z,Surat,37.17,clear sky
2026-03-27T13:11:46.697Z,Surat,33.83,clear sky
2026-03-27T14:52:48.706Z,Surat,30.99,smoke
2026-03-27T16:58:07.897Z,Surat,27.99,haze
2026-03-27T18:58:45.353Z,Surat,27.71,clear sky
2026-03-27T20:41:41.079Z,Surat,24.99,mist
2026-03-27T22:35:11.267Z,Surat,23.99,mist
2026-03-28T02:26:02.984Z,Surat,23.99,mist
2026-03-28T05:22:08.912Z,Surat,30.99,haze
2026-03-28T07:01:46.333Z,Surat,32.99,haze
2026-03-28T08:41:51.367Z,Surat,34.91,clear sky
2026-03-28T10:34:44.713Z,Surat,32.99,clear sky
2026-03-28T12:59:46.946Z,Surat,28.99,clear sky
2026-03-28T14:33:55.044Z,Surat,26.99,clear sky
2026-03-28T16:37:03.666Z,Surat,26.99,clear sky
2026-03-28T18:43:17.264Z,Surat,28.16,clear sky
2026-03-28T20:34:05.983Z,Surat,26.99,clear sky
2026-03-28T22:31:27.043Z,Surat,26.95,clear sky
2026-03-29T02:38:14.833Z,Surat,28.71,clear sky
2026-03-29T05:43:48.230Z,Surat,30.99,smoke
2026-03-29T07:07:08.201Z,Surat,31.99,clear sky
2026-03-29T08:42:46.291Z,Surat,33.77,clear sky
2026-03-29T10:36:31.850Z,Surat,33.46,clear sky
2026-03-29T13:00:39.487Z,Surat,29.6,clear sky
2026-03-29T14:35:20.003Z,Surat,26.99,mist
2026-03-29T16:38:03.744Z,Surat,25.99,mist
2026-03-29T18:46:26.515Z,Surat,26.99,mist
2026-03-29T20:35:53.303Z,Surat,26.8,clear sky
2026-03-29T22:33:40.935Z,Surat,26.66,clear sky
2026-03-30T02:41:00.562Z,Surat,27.99,haze
2026-03-30T05:59:46.595Z,Surat,33.16,overcast clouds
2026-03-30T07:56:50.078Z,Surat,33.99,few clouds
2026-03-30T09:20:58.356Z,Surat,33.99,few clouds
2026-03-30T11:04:25.730Z,Surat,34.79,scattered clouds
2026-03-30T13:25:38.114Z,Surat,29.99,few clouds
2026-03-30T15:05:37.551Z,Surat,28.01,clear sky
2026-03-30T16:58:39.583Z,Surat,26.99,haze
2026-03-30T19:02:56.192Z,Surat,25.99,mist
2026-03-30T20:49:29.444Z,Surat,25.99,mist
2026-03-30T22:38:37.097Z,Surat,26.82,clear sky
2026-03-31T02:35:07.683Z,Surat,28.85,clear sky
2026-03-31T05:45:16.752Z,Surat,30.99,scattered clouds
2026-03-31T07:18:48.597Z,Surat,31.99,scattered clouds
2026-03-31T09:03:04.329Z,Surat,32.99,scattered clouds
2026-03-31T10:55:15.502Z,Surat,32.86,clear sky
2026-03-31T13:24:08.566Z,Surat,29.6,clear sky
2026-03-31T15:04:22.549Z,Surat,26.99,smoke
2026-03-31T17:00:05.346Z,Surat,25.99,smoke
2026-03-31T19:04:38.138Z,Surat,24.99,smoke
2026-03-31T20:45:16.911Z,Surat,24.99,smoke
2026-03-31T22:36:30.626Z,Surat,26.33,scattered clouds
2026-04-01T02:47:28.860Z,Surat,25.99,haze
2026-04-01T05:55:48.447Z,Surat,29.99,smoke
2026-04-01T07:27:07.612Z,Surat,31.99,clear sky
2026-04-01T09:07:45.591Z,Surat,32.99,clear sky
2026-04-01T10:59:29.911Z,Surat,31.99,scattered clouds
2026-04-01T13:26:47.523Z,Surat,27.99,overcast clouds
2026-04-01T15:06:53.997Z,Surat,25.99,overcast clouds
2026-04-01T16:58:22.296Z,Surat,23.99,overcast clouds
2026-04-01T19:05:20.907Z,Surat,23.99,mist
2026-04-01T20:47:07.496Z,Surat,24.99,mist
2026-04-01T22:39:46.458Z,Surat,22.99,mist
2026-04-02T02:31:53.625Z,Surat,23.99,mist
2026-04-02T05:42:21.848Z,Surat,30.99,scattered clouds
2026-04-02T07:16:24.882Z,Surat,33.99,clear sky
2026-04-02T09:00:06.537Z,Surat,32.99,few clouds
2026-04-02T10:52:50.734Z,Surat,31.99,scattered clouds
2026-04-02T13:18:41.095Z,Surat,26.99,few clouds
2026-04-02T14:58:23.506Z,Surat,27.99,few clouds
2026-04-02T16:58:03.787Z,Surat,26.99,few clouds
2026-04-02T18:59:43.564Z,Surat,24.99,few clouds
2026-04-02T20:37:47.162Z,Surat,23.99,mist
2026-04-02T22:33:32.738Z,Surat,23.99,mist
2026-04-03T02:33:42.413Z,Surat,23.99,haze
2026-04-03T05:42:29.247Z,Surat,31.99,few clouds
2026-04-03T07:13:06.025Z,Surat,32.99,clear sky
2026-04-03T08:57:28.474Z,Surat,32.99,few clouds
2026-04-03T10:45:25.647Z,Surat,30.99,few clouds
2026-04-03T13:08:38.586Z,Surat,27.99,few clouds
2026-04-03T14:44:41.343Z,Surat,26.99,scattered clouds
2026-04-03T16:42:21.402Z,Surat,25.99,scattered clouds
2026-04-03T18:51:33.248Z,Surat,26.99,few clouds
2026-04-03T20:38:53.061Z,Surat,26.63,few clouds
2026-04-03T22:36:00.786Z,Surat,25.99,haze
2026-04-04T02:25:27.904Z,Surat,26.99,haze
2026-04-04T05:22:01.834Z,Surat,29.99,scattered clouds
2026-04-04T07:04:19.408Z,Surat,29.99,scattered clouds
2026-04-04T08:43:00.992Z,Surat,31.99,scattered clouds
2026-04-04T10:36:12.154Z,Surat,31.99,few clouds
2026-04-04T13:00:11.931Z,Surat,28.99,few clouds
2026-04-04T14:35:00.453Z,Surat,26.99,scattered clouds
2026-04-04T16:38:12.980Z,Surat,25.99,few clouds
2026-04-04T18:46:13.751Z,Surat,25.99,few clouds
2026-04-04T20:35:02.019Z,Surat,24.99,few clouds
2026-04-04T22:32:37.596Z,Surat,24.99,few clouds
2026-04-05T02:40:45.916Z,Surat,26.99,haze
2026-04-05T05:45:20.510Z,Surat,29.99,few clouds
2026-04-05T07:10:27.229Z,Surat,30.99,few clouds
2026-04-05T08:47:12.970Z,Surat,31.99,few clouds
2026-04-05T10:36:31.730Z,Surat,31.99,few clouds
2026-04-05T13:02:30.232Z,Surat,27.99,smoke
2026-04-05T14:36:33.674Z,Surat,26.99,smoke
2026-04-05T16:39:31.455Z,Surat,25.99,broken clouds
2026-04-05T18:48:36.679Z,Surat,25.99,scattered clouds
2026-04-05T20:36:39.155Z,Surat,24.99,broken clouds
2026-04-05T22:33:56.612Z,Surat,26.03,broken clouds
2026-04-06T02:42:00.711Z,Surat,26.99,haze
2026-04-06T07:58:05.247Z,Surat,32.04,clear sky
2026-04-06T09:18:50.507Z,Surat,31.8,clear sky
2026-04-06T10:59:31.446Z,Surat,29.99,few clouds
2026-04-06T13:15:38.569Z,Surat,27.99,clear sky
2026-04-06T14:50:54.550Z,Surat,26.6,clear sky
2026-04-06T16:52:22.985Z,Surat,25.99,clear sky
2026-04-06T19:04:05.058Z,Surat,25.99,clear sky
2026-04-06T20:39:41.955Z,Surat,24.99,clear sky
2026-04-06T22:39:03.588Z,Surat,24.99,mist
2026-04-07T02:36:15.637Z,Surat,27.15,clear sky
2026-04-07T05:47:15.481Z,Surat,30.08,clear sky
2026-04-07T07:21:30.459Z,Surat,29.99,scattered clouds
2026-04-07T09:05:29.654Z,Surat,30.54,clear sky
2026-04-07T10:57:57.268Z,Surat,29.71,clear sky
2026-04-07T13:23:18.625Z,Surat,27.99,scattered clouds
2026-04-07T15:11:25.323Z,Surat,26.99,haze
2026-04-07T17:02:00.868Z,Surat,26.68,clear sky
2026-04-07T19:06:42.772Z,Surat,26.17,few clouds
2026-04-07T20:50:55.487Z,Surat,25.85,clear sky
2026-04-07T22:39:53.228Z,Surat,26.99,mist
2026-04-08T02:37:07.083Z,Surat,27.63,clear sky
2026-04-08T05:48:05.809Z,Surat,30.99,scattered clouds
2026-04-08T07:23:54.266Z,Surat,30.95,clear sky
2026-04-08T09:04:05.180Z,Surat,30.99,scattered clouds
2026-04-08T10:59:05.623Z,Surat,30.41,clear sky
2026-04-08T13:24:03.484Z,Surat,28.72,clear sky
2026-04-08T15:12:44.633Z,Surat,27.64,clear sky
2026-04-08T17:05:28.610Z,Surat,26.84,clear sky
2026-04-08T19:20:04.931Z,Surat,26.99,few clouds
2026-04-08T20:50:01.564Z,Surat,25.99,few clouds
2026-04-08T22:41:30.535Z,Surat,25.15,clear sky
2026-04-09T02:32:15.339Z,Surat,25.99,haze
2026-04-09T05:49:42.224Z,Surat,30.8,clear sky
2026-04-09T07:26:16.970Z,Surat,31.45,clear sky
2026-04-09T09:11:00.221Z,Surat,31.61,clear sky
2026-04-09T11:01:12.301Z,Surat,30.76,clear sky
2026-04-09T13:45:13.911Z,Surat,27.99,clear sky
2026-04-09T15:23:17.932Z,Surat,25.99,smoke
2026-04-09T17:10:05.388Z,Surat,23.99,smoke
2026-04-09T19:10:27.662Z,Surat,22.99,smoke
2026-04-09T20:54:17.269Z,Surat,26.07,clear sky
2026-04-09T22:42:44.370Z,Surat,25.61,clear sky
2026-04-10T02:43:29.083Z,Surat,28.56,clear sky
2026-04-10T05:59:18.053Z,Surat,34.35,clear sky
2026-04-10T07:55:03.110Z,Surat,36.99,smoke
2026-04-10T09:12:44.945Z,Surat,37.99,smoke
2026-04-10T10:57:38.655Z,Surat,35.99,clear sky
2026-04-10T13:16:01.687Z,Surat,32.91,clear sky
2026-04-10T14:50:29.201Z,Surat,31.44,clear sky
2026-04-10T16:54:11.036Z,Surat,31.09,clear sky
2026-04-10T18:57:23.022Z,Surat,27.99,clear sky
2026-04-10T20:40:03.888Z,Surat,28.96,clear sky
2026-04-10T22:39:44.668Z,Surat,28.13,clear sky
2026-04-11T02:28:29.311Z,Surat,25.99,haze
2026-04-11T05:25:29.879Z,Surat,34.79,clear sky
2026-04-11T07:03:39.111Z,Surat,35.99,smoke
2026-04-11T08:48:29.850Z,Surat,37.82,clear sky
2026-04-11T10:37:01.098Z,Surat,37.56,clear sky
2026-04-11T13:03:10.143Z,Surat,36.1,clear sky
2026-04-11T14:37:28.584Z,Surat,30.99,clear sky
2026-04-11T16:39:11.580Z,Surat,30.45,clear sky
2026-04-11T18:49:53.069Z,Surat,29.44,clear sky
2026-04-11T20:36:42.645Z,Surat,25.99,haze
2026-04-11T22:34:56.450Z,Surat,29.06,clear sky
2026-04-12T02:47:40.002Z,Surat,26.99,mist
2026-04-12T05:54:38.530Z,Surat,36.38,clear sky
2026-04-12T07:17:43.061Z,Surat,37.53,clear sky
2026-04-12T08:52:29.958Z,Surat,36.99,smoke
2026-04-12T10:40:23.930Z,Surat,37.54,clear sky
2026-04-12T13:05:43.309Z,Surat,35.77,clear sky
2026-04-12T14:41:03.803Z,Surat,31.38,clear sky
2026-04-12T16:41:30.098Z,Surat,29.87,clear sky
2026-04-12T18:53:56.871Z,Surat,27.99,clear sky
2026-04-12T20:39:19.241Z,Surat,28.66,clear sky
2026-04-12T22:37:10.266Z,Surat,28.18,clear sky
2026-04-13T02:52:07.055Z,Surat,30.4,clear sky
2026-04-13T06:16:14.734Z,Surat,35.33,clear sky
2026-04-13T09:57:24.919Z,Surat,34.99,clear sky
2026-04-13T11:23:20.119Z,Surat,35.99,clear sky
2026-04-13T13:42:58.171Z,Surat,31.2,clear sky
2026-04-13T15:16:37.466Z,Surat,30.36,clear sky
2026-04-13T17:05:57.673Z,Surat,27.99,haze
2026-04-13T19:16:22.331Z,Surat,29.14,clear sky
2026-04-13T20:57:49.056Z,Surat,25.99,mist
2026-04-13T22:45:38.753Z,Surat,27.96,clear sky
2026-04-14T02:44:49.902Z,Surat,30.56,clear sky
2026-04-14T06:01:38.821Z,Surat,34.99,clear sky
2026-04-14T09:20:51.342Z,Surat,37.99,clear sky
2026-04-14T11:05:01.737Z,Surat,38.99,clear sky
2026-04-14T13:46:02.285Z,Surat,28.99,clear sky
2026-04-14T15:15:24.194Z,Surat,30.78,clear sky
2026-04-14T17:12:10.154Z,Surat,27.99,clear sky
2026-04-14T19:19:09.695Z,Surat,29.74,clear sky
2026-04-14T20:56:59.396Z,Surat,25.99,clear sky
2026-04-14T22:49:33.061Z,Surat,28.68,clear sky
2026-04-15T02:42:10.241Z,Surat,26.99,mist
2026-04-15T06:01:21.176Z,Surat,32.99,clear sky
2026-04-15T09:22:17.338Z,Surat,33.99,clear sky
2026-04-15T11:01:09.802Z,Surat,33.99,clear sky
2026-04-15T13:41:38.278Z,Surat,29.81,clear sky
2026-04-15T15:06:19.355Z,Surat,29.65,clear sky
2026-04-15T17:06:43.539Z,Surat,28.84,clear sky
2026-04-15T19:20:46.326Z,Surat,28.7,clear sky
2026-04-15T20:52:46.036Z,Surat,26.99,mist
2026-04-15T22:43:08.289Z,Surat,27.29,clear sky
2026-04-16T02:49:44.939Z,Surat,29.54,clear sky
2026-04-16T06:03:10.079Z,Surat,33.2,few clouds
2026-04-16T09:22:07.101Z,Surat,33.98,few clouds
2026-04-16T11:05:45.819Z,Surat,31.99,scattered clouds
2026-04-16T13:50:02.458Z,Surat,26.99,scattered clouds
2026-04-16T15:27:27.363Z,Surat,28.55,scattered clouds
2026-04-16T17:17:30.373Z,Surat,24.99,few clouds
2026-04-16T19:18:36.940Z,Surat,24.99,mist
2026-04-16T20:51:46.353Z,Surat,27.51,overcast clouds
2026-04-16T22:42:15.152Z,Surat,27.11,overcast clouds
2026-04-17T02:45:17.080Z,Surat,30.53,overcast clouds
2026-04-17T06:04:41.969Z,Surat,35.35,overcast clouds
2026-04-17T09:20:32.717Z,Surat,38.71,overcast clouds
2026-04-17T10:58:27.210Z,Surat,38.19,overcast clouds
2026-04-17T13:24:01.812Z,Surat,35.99,overcast clouds
2026-04-17T14:57:18.859Z,Surat,30.96,overcast clouds
2026-04-17T16:56:23.391Z,Surat,26.99,mist
2026-04-17T19:03:49.201Z,Surat,28.34,overcast clouds
2026-04-17T20:49:24.408Z,Surat,24.99,mist
2026-04-17T22:41:27.518Z,Surat,27.67,overcast clouds
2026-04-18T02:35:36.141Z,Surat,31.02,overcast clouds
2026-04-18T05:42:04.917Z,Surat,36.3,overcast clouds
2026-04-18T07:12:03.518Z,Surat,35.99,smoke
2026-04-18T08:54:11.610Z,Surat,38.91,clear sky
2026-04-18T10:42:30.916Z,Surat,38.79,clear sky
2026-04-18T13:06:45.995Z,Surat,35.75,clear sky
2026-04-18T14:41:41.395Z,Surat,30.38,few clouds
2026-04-18T16:43:18.165Z,Surat,28.99,few clouds
2026-04-18T18:54:25.668Z,Surat,30.91,clear sky
2026-04-18T20:39:26.845Z,Surat,30.35,few clouds
2026-04-18T22:37:12.119Z,Surat,29.08,few clouds
2026-04-19T02:52:03.741Z,Surat,31.78,few clouds
2026-04-19T05:59:14.698Z,Surat,36.05,clear sky
2026-04-19T07:42:24.879Z,Surat,37.66,broken clouds
2026-04-19T08:57:26.860Z,Surat,35.99,few clouds
2026-04-19T10:41:14.641Z,Surat,38,scattered clouds
2026-04-19T13:05:43.973Z,Surat,30.99,scattered clouds
2026-04-19T14:41:47.726Z,Surat,30.2,few clouds
2026-04-19T16:43:03.805Z,Surat,29.99,few clouds
2026-04-19T18:54:44.934Z,Surat,29.35,broken clouds
2026-04-19T20:40:48.544Z,Surat,28.83,broken clouds
2026-04-19T22:38:19.619Z,Surat,28.52,broken clouds
2026-04-20T02:52:58.495Z,Surat,28.99,mist
2026-04-20T06:16:25.731Z,Surat,36.53,few clouds
2026-04-20T09:59:54.261Z,Surat,38.39,clear sky
2026-04-20T11:37:51.748Z,Surat,35.99,clear sky
2026-04-20T13:46:57.964Z,Surat,31.89,clear sky
2026-04-20T15:17:07.349Z,Surat,30.36,clear sky
2026-04-20T17:05:59.612Z,Surat,25.99,clear sky
2026-04-20T19:08:46.854Z,Surat,29.8,clear sky
2026-04-20T20:51:00.465Z,Surat,28.9,clear sky
2026-04-20T22:45:57.308Z,Surat,24.99,mist
2026-04-21T02:46:26.179Z,Surat,27.99,haze
2026-04-21T06:03:52.709Z,Surat,36.62,clear sky
2026-04-21T09:42:14.773Z,Surat,36.99,few clouds
2026-04-21T11:09:37.355Z,Surat,36.99,clear sky
2026-04-21T13:45:27.000Z,Surat,31.39,clear sky
2026-04-21T15:15:30.312Z,Surat,29.99,smoke
2026-04-21T17:04:43.526Z,Surat,31.22,clear sky
2026-04-21T19:15:41.964Z,Surat,25.99,haze
2026-04-21T20:55:30.496Z,Surat,25.99,mist
2026-04-21T22:39:11.863Z,Surat,24.99,mist
2026-04-22T02:44:13.016Z,Surat,31.72,clear sky
2026-04-22T06:01:17.407Z,Surat,36.62,clear sky
2026-04-22T09:22:55.232Z,Surat,37.76,clear sky
2026-04-22T11:07:36.910Z,Surat,36.92,clear sky
2026-04-22T13:46:16.393Z,Surat,31.16,clear sky
2026-04-22T15:15:40.997Z,Surat,28.99,haze
2026-04-22T17:04:04.661Z,Surat,30.9,clear sky
2026-04-22T19:16:51.351Z,Surat,30.82,clear sky
2026-04-22T20:57:31.345Z,Surat,29.82,clear sky
2026-04-22T22:50:38.751Z,Surat,28.6,clear sky
2026-04-23T02:48:03.204Z,Surat,31.35,clear sky
2026-04-23T06:07:07.328Z,Surat,36.31,clear sky
2026-04-23T09:46:38.165Z,Surat,37.99,clear sky
2026-04-23T11:11:52.723Z,Surat,38.99,clear sky
2026-04-23T13:48:30.572Z,Surat,35.99,clear sky
2026-04-23T15:55:32.853Z,Surat,29.99,clear sky
2026-04-23T17:23:33.018Z,Surat,28.99,clear sky
2026-04-23T19:13:17.262Z,Surat,27.99,haze
2026-04-23T20:55:09.301Z,Surat,28.99,haze
2026-04-23T22:49:26.771Z,Surat,25.99,haze
2026-04-24T02:49:04.375Z,Surat,29.99,haze
2026-04-24T06:09:03.610Z,Surat,35.99,clear sky
2026-04-24T09:46:08.908Z,Surat,36.99,clear sky
2026-04-24T11:07:11.202Z,Surat,37.99,clear sky
2026-04-24T13:27:50.776Z,Surat,32.99,clear sky
2026-04-24T15:09:56.761Z,Surat,30.87,clear sky
2026-04-24T16:59:37.595Z,Surat,29.99,clear sky
2026-04-24T18:55:40.114Z,Surat,29.99,clear sky
2026-04-24T20:52:10.740Z,Surat,26.99,clear sky
2026-04-24T22:40:23.253Z,Surat,29.67,clear sky
2026-04-25T02:37:06.480Z,Surat,27.99,smoke
2026-04-25T05:49:32.234Z,Surat,35.99,clear sky
2026-04-25T07:20:36.421Z,Surat,36.99,clear sky
2026-04-25T08:55:45.520Z,Surat,38.99,clear sky
2026-04-25T10:47:10.454Z,Surat,40.99,clear sky
2026-04-25T13:09:05.015Z,Surat,37.99,clear sky
2026-04-25T14:43:17.554Z,Surat,30.99,haze
2026-04-25T16:44:26.013Z,Surat,29.99,haze
2026-04-25T18:56:46.982Z,Surat,27.99,haze
2026-04-25T20:40:57.975Z,Surat,26.99,haze
2026-04-25T22:39:02.109Z,Surat,25.99,mist
2026-04-26T02:54:12.761Z,Surat,28.99,haze
2026-04-26T06:07:48.258Z,Surat,36.99,smoke
2026-04-26T09:03:36.868Z,Surat,38.99,clear sky
2026-04-26T10:48:36.271Z,Surat,39.99,clear sky
2026-04-26T13:11:30.945Z,Surat,33.99,haze
2026-04-26T14:45:54.474Z,Surat,30.99,haze
2026-04-26T16:47:10.613Z,Surat,28.99,haze
2026-04-26T18:58:24.799Z,Surat,28.99,haze
2026-04-26T20:40:38.355Z,Surat,28.99,haze
2026-04-26T22:40:51.670Z,Surat,28.99,mist
2026-04-27T02:57:12.327Z,Surat,29.99,mist
2026-04-27T06:28:15.403Z,Surat,32.99,haze
2026-04-27T10:19:23.473Z,Surat,31.99,clear sky
2026-04-27T13:58:43.088Z,Surat,28.99,clear sky
2026-04-27T15:54:23.117Z,Surat,28.99,clear sky
2026-04-27T17:24:28.915Z,Surat,28.99,clear sky
2026-04-27T19:25:49.560Z,Surat,28.99,clear sky
2026-04-27T21:04:42.043Z,Surat,27.99,clear sky
2026-04-27T22:54:39.140Z,Surat,27.99,clear sky
2026-04-28T03:26:05.241Z,Surat,29.99,haze
2026-04-28T06:30:45.738Z,Surat,31.99,clear sky
2026-04-28T10:15:56.894Z,Surat,31.99,clear sky
2026-04-28T14:12:07.248Z,Surat,28.99,clear sky
2026-04-28T17:48:15.159Z,Surat,27.99,clear sky
2026-04-28T19:43:50.489Z,Surat,27.99,clear sky
2026-04-28T21:08:36.560Z,Surat,27.99,clear sky
2026-04-28T22:57:46.158Z,Surat,27.99,mist
2026-04-29T03:24:06.213Z,Surat,29.99,mist
2026-04-29T06:24:59.960Z,Surat,31.99,scattered clouds
2026-04-29T10:07:44.577Z,Surat,31.99,few clouds
2026-04-29T14:02:30.542Z,Surat,28.99,few clouds
2026-04-29T17:40:41.871Z,Surat,27.99,smoke
2026-04-29T19:40:07.621Z,Surat,27.99,mist
2026-04-29T21:08:20.046Z,Surat,27.99,mist
2026-04-29T22:58:18.005Z,Surat,27.99,mist
2026-04-30T03:25:16.463Z,Surat,29.99,haze
2026-04-30T06:28:43.207Z,Surat,32.99,haze
2026-04-30T10:08:12.369Z,Surat,31.99,haze
2026-04-30T14:00:54.745Z,Surat,28.99,mist
2026-04-30T17:23:31.534Z,Surat,28.99,mist
2026-04-30T19:25:32.640Z,Surat,28.99,mist
2026-04-30T21:03:34.967Z,Surat,27.99,mist
2026-04-30T22:54:46.470Z,Surat,27.99,mist
2026-05-01T03:35:31.434Z,Surat,29.99,haze
2026-05-01T06:38:31.265Z,Surat,32.99,haze
2026-05-01T09:47:23.802Z,Surat,31.99,haze
2026-05-01T11:07:49.096Z,Surat,30.99,haze
